PRECINCT NAME,REGISTERED VOTERS,BALLOTS CAST,REP,DEM,LIB,GRN,Write-in
PCT 001,2737,376,229,139,6,1,0
PCT 001,2737,1052,561,471,14,3,0
PCT 001,2737,62,34,27,1,0,0
PCT 001,2737,1,0,1,0,0,0
PCT 001,2737,0,0,0,0,0,0
PCT 002,4654,599,315,274,8,2,0
PCT 002,4654,1406,693,701,7,1,0
PCT 002,4654,78,35,42,0,0,0
PCT 002,4654,1,0,1,0,0,0
PCT 002,4654,0,0,0,0,0,0
PCT 003,2834,295,82,199,9,2,1
PCT 003,2834,520,163,350,4,1,0
PCT 003,2834,20,4,16,0,0,0
PCT 003,2834,0,0,0,0,0,0
PCT 003,2834,0,0,0,0,0,0
PCT 004,3016,538,375,153,6,1,0
PCT 004,3016,1123,758,353,10,0,0
PCT 004,3016,31,20,10,1,0,0
PCT 004,3016,2,1,1,0,0,0
PCT 004,3016,0,0,0,0,0,0
PCT 005,1029,129,77,46,4,2,0
PCT 005,1029,410,271,134,4,0,0
PCT 005,1029,37,22,15,0,0,0
PCT 005,1029,0,0,0,0,0,0
PCT 005,1029,0,0,0,0,0,0
PCT 006,1616,234,106,121,4,2,1
PCT 006,1616,501,200,292,7,0,0
PCT 006,1616,6,2,4,0,0,0
PCT 006,1616,3,1,2,0,0,0
PCT 006,1616,0,0,0,0,0,0
PCT 007,1549,202,104,94,2,2,0
PCT 007,1549,553,266,277,4,1,2
PCT 007,1549,32,13,19,0,0,0
PCT 007,1549,3,0,3,0,0,0
PCT 007,1549,0,0,0,0,0,0
PCT 008,3617,603,412,184,6,0,0
PCT 008,3617,1003,694,299,5,3,0
PCT 008,3617,47,25,21,0,0,0
PCT 008,3617,6,6,0,0,0,0
PCT 008,3617,0,0,0,0,0,0
PCT 009,3379,569,320,235,11,3,0
PCT 009,3379,994,586,390,16,0,0
PCT 009,3379,43,26,17,0,0,0
PCT 009,3379,5,2,3,0,0,0
PCT 009,3379,0,0,0,0,0,0
PCT 010,803,126,107,17,1,0,0
PCT 010,803,306,263,40,2,0,0
PCT 010,803,23,13,10,0,0,0
PCT 010,803,0,0,0,0,0,0
PCT 010,803,0,0,0,0,0,0
PCT 011,4555,814,651,153,9,1,0
PCT 011,4555,1420,1139,257,13,6,0
PCT 011,4555,55,28,27,0,0,0
PCT 011,4555,2,1,1,0,0,0
PCT 011,4555,0,0,0,0,0,0
PCT 012,2149,267,182,85,0,0,0
PCT 012,2149,874,521,334,10,3,0
PCT 012,2149,111,74,36,1,0,0
PCT 012,2149,1,1,0,0,0,0
PCT 012,2149,0,0,0,0,0,0
PCT 013,2187,447,332,109,6,0,0
PCT 013,2187,880,643,227,8,1,0
PCT 013,2187,30,16,14,0,0,0
PCT 013,2187,1,1,0,0,0,0
PCT 013,2187,0,0,0,0,0,0
PCT 014,3268,480,210,256,10,1,1
PCT 014,3268,1015,434,573,4,1,1
PCT 014,3268,77,32,45,0,0,0
PCT 014,3268,3,1,2,0,0,0
PCT 014,3268,1,0,1,0,0,0
PCT 015,1650,180,73,102,2,1,1
PCT 015,1650,535,255,269,5,2,1
PCT 015,1650,48,14,34,0,0,0
PCT 015,1650,3,1,2,0,0,0
PCT 015,1650,0,0,0,0,0,0
PCT 016,4631,755,508,232,12,2,0
PCT 016,4631,1658,1092,546,15,2,0
PCT 016,4631,52,27,25,0,0,0
PCT 016,4631,0,0,0,0,0,0
PCT 016,4631,0,0,0,0,0,0
PCT 017,4647,695,434,242,10,6,1
PCT 017,4647,1529,887,612,18,6,0
PCT 017,4647,62,34,28,0,0,0
PCT 017,4647,4,2,2,0,0,0
PCT 017,4647,0,0,0,0,0,0
PCT 018,937,106,82,23,1,0,0
PCT 018,937,339,281,49,6,1,0
PCT 018,937,12,9,3,0,0,0
PCT 018,937,0,0,0,0,0,0
PCT 018,937,0,0,0,0,0,0
PCT 019,1644,195,112,72,8,1,0
PCT 019,1644,787,407,368,7,1,0
PCT 019,1644,52,24,27,1,0,0
PCT 019,1644,4,0,4,0,0,0
PCT 019,1644,0,0,0,0,0,0
PCT 020,995,262,220,39,3,0,0
PCT 020,995,379,286,92,0,1,0
PCT 020,995,11,3,8,0,0,0
PCT 020,995,3,0,3,0,0,0
PCT 020,995,0,0,0,0,0,0
PCT 021,4296,568,267,280,14,2,2
PCT 021,4296,1851,888,931,22,2,1
PCT 021,4296,116,59,56,1,0,0
PCT 021,4296,2,0,2,0,0,0
PCT 021,4296,0,0,0,0,0,0
PCT 022,4400,711,573,118,18,1,1
PCT 022,4400,1632,1309,305,13,1,1
PCT 022,4400,64,33,29,1,0,0
PCT 022,4400,3,2,1,0,0,0
PCT 022,4400,0,0,0,0,0,0
PCT 023,3117,424,123,292,4,4,0
PCT 023,3117,561,140,418,2,1,0
PCT 023,3117,36,10,26,0,0,0
PCT 023,3117,1,1,0,0,0,0
PCT 023,3117,0,0,0,0,0,0
PCT 024,2375,315,100,206,6,2,0
PCT 024,2375,575,198,367,8,1,0
PCT 024,2375,35,7,28,0,0,0
PCT 024,2375,2,0,2,0,0,0
PCT 024,2375,0,0,0,0,0,0
PCT 025,3943,567,264,279,12,8,0
PCT 025,3943,1541,741,773,22,2,1
PCT 025,3943,40,19,21,0,0,0
PCT 025,3943,2,1,1,0,0,0
PCT 025,3943,0,0,0,0,0,0
PCT 026,1314,180,81,94,4,0,0
PCT 026,1314,361,180,175,6,0,0
PCT 026,1314,26,11,14,0,0,0
PCT 026,1314,1,0,1,0,0,0
PCT 026,1314,0,0,0,0,0,0
PCT 027,2741,340,184,149,6,1,0
PCT 027,2741,951,528,407,11,0,1
PCT 027,2741,24,17,7,0,0,0
PCT 027,2741,2,0,2,0,0,0
PCT 027,2741,0,0,0,0,0,0
PCT 028,3618,484,245,221,9,2,2
PCT 028,3618,1466,700,744,15,3,1
PCT 028,3618,80,28,51,0,1,0
PCT 028,3618,2,2,0,0,0,0
PCT 028,3618,0,0,0,0,0,0
PCT 029,3981,726,525,193,6,0,2
PCT 029,3981,1488,999,472,15,1,0
PCT 029,3981,20,13,7,0,0,0
PCT 029,3981,2,2,0,0,0,0
PCT 029,3981,0,0,0,0,0,0
PCT 030,4909,717,440,250,19,4,0
PCT 030,4909,1828,1037,754,20,4,6
PCT 030,4909,50,19,31,0,0,0
PCT 030,4909,2,0,2,0,0,0
PCT 030,4909,0,0,0,0,0,0
PCT 031,2058,244,136,100,6,0,0
PCT 031,2058,1048,551,476,14,1,1
PCT 031,2058,73,34,35,1,1,0
PCT 031,2058,0,0,0,0,0,0
PCT 031,2058,0,0,0,0,0,0
PCT 032,2493,373,204,157,9,1,2
PCT 032,2493,1086,571,493,19,1,0
PCT 032,2493,86,45,39,1,0,0
PCT 032,2493,1,1,0,0,0,0
PCT 032,2493,0,0,0,0,0,0
PCT 033,5001,1000,700,271,19,4,3
PCT 033,5001,1689,1157,504,19,3,2
PCT 033,5001,51,27,21,2,0,0
PCT 033,5001,3,3,0,0,0,0
PCT 033,5001,0,0,0,0,0,0
PCT 034,4438,626,310,304,10,0,0
PCT 034,4438,1757,695,1036,11,5,0
PCT 034,4438,64,15,49,0,0,0
PCT 034,4438,1,0,1,0,0,0
PCT 034,4438,0,0,0,0,0,0
PCT 035,1733,313,250,56,4,3,0
PCT 035,1733,539,451,84,3,0,0
PCT 035,1733,29,20,9,0,0,0
PCT 035,1733,6,4,2,0,0,0
PCT 035,1733,0,0,0,0,0,0
PCT 036,1985,228,140,83,3,0,0
PCT 036,1985,1003,614,380,6,0,0
PCT 036,1985,61,21,40,0,0,0
PCT 036,1985,4,2,2,0,0,0
PCT 036,1985,0,0,0,0,0,0
PCT 037,2571,522,436,69,15,1,0
PCT 037,2571,847,722,115,6,3,0
PCT 037,2571,23,11,12,0,0,0
PCT 037,2571,0,0,0,0,0,0
PCT 037,2571,0,0,0,0,0,0
PCT 038,3167,488,231,242,9,4,0
PCT 038,3167,860,358,492,6,0,1
PCT 038,3167,21,13,7,1,0,0
PCT 038,3167,0,0,0,0,0,0
PCT 038,3167,0,0,0,0,0,0
PCT 039,3081,424,195,213,10,3,1
PCT 039,3081,1031,419,597,9,2,2
PCT 039,3081,54,22,31,0,0,0
PCT 039,3081,1,1,0,0,0,0
PCT 039,3081,0,0,0,0,0,0
PCT 040,3635,476,263,201,9,0,2
PCT 040,3635,1455,906,511,33,1,1
PCT 040,3635,105,64,40,1,0,0
PCT 040,3635,4,4,0,0,0,0
PCT 040,3635,0,0,0,0,0,0
PCT 041,4334,832,563,258,9,0,0
PCT 041,4334,1654,1049,576,23,2,2
PCT 041,4334,56,30,26,0,0,0
PCT 041,4334,3,2,1,0,0,0
PCT 041,4334,0,0,0,0,0,0
PCT 042,1914,444,345,97,1,1,0
PCT 042,1914,508,377,123,6,1,0
PCT 042,1914,27,19,8,0,0,0
PCT 042,1914,0,0,0,0,0,0
PCT 042,1914,0,0,0,0,0,0
PCT 043,3484,474,226,233,10,1,2
PCT 043,3484,955,405,530,14,1,1
PCT 043,3484,38,19,19,0,0,0
PCT 043,3484,0,0,0,0,0,0
PCT 043,3484,0,0,0,0,0,0
PCT 044,1722,212,100,106,5,1,0
PCT 044,1722,420,214,198,5,3,0
PCT 044,1722,32,14,17,1,0,0
PCT 044,1722,0,0,0,0,0,0
PCT 044,1722,0,0,0,0,0,0
PCT 045,3462,423,251,160,9,2,0
PCT 045,3462,1375,832,527,9,4,1
PCT 045,3462,105,63,38,1,0,2
PCT 045,3462,7,7,0,0,0,0
PCT 045,3462,0,0,0,0,0,0
PCT 046,3160,418,174,234,2,5,0
PCT 046,3160,783,308,458,14,2,0
PCT 046,3160,52,22,29,0,1,0
PCT 046,3160,0,0,0,0,0,0
PCT 046,3160,0,0,0,0,0,0
PCT 047,2594,401,193,193,8,4,1
PCT 047,2594,935,417,502,4,6,0
PCT 047,2594,53,25,27,0,0,0
PCT 047,2594,2,0,2,0,0,0
PCT 047,2594,0,0,0,0,0,0
PCT 048,3780,652,319,318,11,2,1
PCT 048,3780,1417,616,781,12,1,1
PCT 048,3780,90,36,51,2,1,0
PCT 048,3780,1,1,0,0,0,0
PCT 048,3780,0,0,0,0,0,0
PCT 049,2367,249,125,111,10,1,0
PCT 049,2367,1093,598,476,11,2,2
PCT 049,2367,137,72,63,2,0,0
PCT 049,2367,3,3,0,0,0,0
PCT 049,2367,0,0,0,0,0,0
PCT 050,3099,411,156,247,3,1,2
PCT 050,3099,724,267,452,2,1,0
PCT 050,3099,36,10,25,1,0,0
PCT 050,3099,3,1,2,0,0,0
PCT 050,3099,0,0,0,0,0,0
PCT 051,1727,231,96,131,3,0,0
PCT 051,1727,392,151,237,3,1,0
PCT 051,1727,21,6,15,0,0,0
PCT 051,1727,1,0,1,0,0,0
PCT 051,1727,0,0,0,0,0,0
PCT 052,4417,786,285,472,15,6,1
PCT 052,4417,959,359,584,10,2,1
PCT 052,4417,41,21,20,0,0,0
PCT 052,4417,3,2,1,0,0,0
PCT 052,4417,0,0,0,0,0,0
PCT 053,2230,302,149,142,10,0,0
PCT 053,2230,1023,516,488,14,3,0
PCT 053,2230,84,39,45,0,0,0
PCT 053,2230,4,3,1,0,0,0
PCT 053,2230,0,0,0,0,0,0
PCT 054,3547,462,196,249,9,5,0
PCT 054,3547,1072,389,665,7,3,1
PCT 054,3547,51,24,26,0,1,0
PCT 054,3547,0,0,0,0,0,0
PCT 054,3547,0,0,0,0,0,0
PCT 055,4130,886,199,667,11,5,2
PCT 055,4130,1124,434,679,7,3,0
PCT 055,4130,80,32,47,1,0,0
PCT 055,4130,11,3,8,0,0,0
PCT 055,4130,0,0,0,0,0,0
PCT 056,3326,459,280,173,1,2,2
PCT 056,3326,1202,697,475,14,2,6
PCT 056,3326,47,22,25,0,0,0
PCT 056,3326,3,2,0,0,1,0
PCT 056,3326,0,0,0,0,0,0
PCT 057,5053,690,370,296,16,5,2
PCT 057,5053,1718,952,743,15,3,0
PCT 057,5053,80,37,43,0,0,0
PCT 057,5053,1,1,0,0,0,0
PCT 057,5053,0,0,0,0,0,0
PCT 058,3704,521,221,288,6,3,1
PCT 058,3704,1216,556,646,8,1,0
PCT 058,3704,103,27,72,1,0,1
PCT 058,3704,4,2,2,0,0,0
PCT 058,3704,0,0,0,0,0,0
PCT 059,4025,556,315,227,8,3,2
PCT 059,4025,1463,812,620,22,3,0
PCT 059,4025,57,26,31,0,0,0
PCT 059,4025,2,1,1,0,0,0
PCT 059,4025,0,0,0,0,0,0
PCT 060,2967,493,311,168,12,1,0
PCT 060,2967,1260,799,443,12,2,0
PCT 060,2967,35,12,22,1,0,0
PCT 060,2967,4,2,2,0,0,0
PCT 060,2967,0,0,0,0,0,0
PCT 061,1662,219,113,102,3,0,0
PCT 061,1662,730,407,310,11,0,0
PCT 061,1662,43,27,16,0,0,0
PCT 061,1662,2,1,1,0,0,0
PCT 061,1662,0,0,0,0,0,0
PCT 062,2605,439,195,223,16,4,0
PCT 062,2605,907,370,527,6,1,1
PCT 062,2605,71,30,40,0,0,1
PCT 062,2605,2,1,1,0,0,0
PCT 062,2605,0,0,0,0,0,0
PCT 063,2039,245,155,81,8,0,0
PCT 063,2039,1035,538,473,15,2,2
PCT 063,2039,84,34,49,1,0,0
PCT 063,2039,1,1,0,0,0,0
PCT 063,2039,0,0,0,0,0,0
PCT 064,2711,351,163,181,4,1,0
PCT 064,2711,1030,465,549,8,2,1
PCT 064,2711,63,27,35,1,0,0
PCT 064,2711,2,2,0,0,0,0
PCT 064,2711,0,0,0,0,0,0
PCT 065,1265,171,85,83,2,1,0
PCT 065,1265,529,264,262,2,0,0
PCT 065,1265,21,7,14,0,0,0
PCT 065,1265,0,0,0,0,0,0
PCT 065,1265,0,0,0,0,0,0
PCT 066,2193,363,174,177,8,0,0
PCT 066,2193,790,380,399,9,1,0
PCT 066,2193,44,23,21,0,0,0
PCT 066,2193,0,0,0,0,0,0
PCT 066,2193,0,0,0,0,0,0
PCT 067,2878,342,174,163,5,0,0
PCT 067,2878,1025,482,533,5,1,1
PCT 067,2878,113,57,55,1,0,0
PCT 067,2878,6,2,4,0,0,0
PCT 067,2878,0,0,0,0,0,0
PCT 068,2014,286,139,136,5,5,0
PCT 068,2014,608,290,305,12,0,0
PCT 068,2014,33,17,15,1,0,0
PCT 068,2014,3,0,3,0,0,0
PCT 068,2014,0,0,0,0,0,0
PCT 069,3793,440,238,193,1,1,0
PCT 069,3793,1765,879,845,22,3,4
PCT 069,3793,88,48,39,0,0,0
PCT 069,3793,4,2,2,0,0,0
PCT 069,3793,0,0,0,0,0,0
PCT 070,1916,246,133,108,2,1,0
PCT 070,1916,873,467,392,8,2,1
PCT 070,1916,36,18,15,3,0,0
PCT 070,1916,1,0,1,0,0,0
PCT 070,1916,0,0,0,0,0,0
PCT 071,1815,216,104,100,7,1,0
PCT 071,1815,845,393,435,5,3,1
PCT 071,1815,48,25,23,0,0,0
PCT 071,1815,2,1,1,0,0,0
PCT 071,1815,0,0,0,0,0,0
PCT 072,1562,191,94,92,5,0,0
PCT 072,1562,668,357,296,10,0,1
PCT 072,1562,58,28,30,0,0,0
PCT 072,1562,2,1,1,0,0,0
PCT 072,1562,0,0,0,0,0,0
PCT 073,1999,219,75,140,3,0,0
PCT 073,1999,663,225,433,3,0,0
PCT 073,1999,24,11,13,0,0,0
PCT 073,1999,0,0,0,0,0,0
PCT 073,1999,0,0,0,0,0,0
PCT 074,1930,200,105,91,0,2,0
PCT 074,1930,842,419,407,8,1,0
PCT 074,1930,26,6,20,0,0,0
PCT 074,1930,1,1,0,0,0,0
PCT 074,1930,0,0,0,0,0,0
PCT 075,2308,316,160,143,10,1,1
PCT 075,2308,942,565,363,9,0,0
PCT 075,2308,71,43,28,0,0,0
PCT 075,2308,5,4,1,0,0,0
PCT 075,2308,0,0,0,0,0,0
PCT 076,3323,395,216,174,3,0,1
PCT 076,3323,1477,797,648,16,2,0
PCT 076,3323,79,42,35,0,0,0
PCT 076,3323,1,0,1,0,0,0
PCT 076,3323,0,0,0,0,0,0
PCT 077,3740,504,228,268,7,0,0
PCT 077,3740,1295,537,744,7,3,1
PCT 077,3740,63,21,42,0,0,0
PCT 077,3740,2,1,1,0,0,0
PCT 077,3740,0,0,0,0,0,0
PCT 078,4724,745,292,444,5,1,1
PCT 078,4724,1441,577,844,14,4,0
PCT 078,4724,57,17,39,0,0,0
PCT 078,4724,3,0,3,0,0,0
PCT 078,4724,0,0,0,0,0,0
PCT 079,2787,344,179,155,6,1,1
PCT 079,2787,924,463,444,12,3,0
PCT 079,2787,56,19,35,1,0,1
PCT 079,2787,1,0,1,0,0,0
PCT 079,2787,0,0,0,0,0,0
PCT 080,3640,480,223,245,8,1,0
PCT 080,3640,1308,680,616,6,2,2
PCT 080,3640,65,29,35,1,0,0
PCT 080,3640,1,0,1,0,0,0
PCT 080,3640,0,0,0,0,0,0
PCT 081,2865,360,162,187,8,0,2
PCT 081,2865,1118,506,595,10,5,0
PCT 081,2865,57,16,39,1,0,0
PCT 081,2865,0,0,0,0,0,0
PCT 081,2865,0,0,0,0,0,0
PCT 082,2983,390,172,210,6,2,0
PCT 082,2983,920,442,467,9,0,0
PCT 082,2983,78,44,34,0,0,0
PCT 082,2983,2,1,1,0,0,0
PCT 082,2983,0,0,0,0,0,0
PCT 083,4036,525,332,180,10,1,0
PCT 083,4036,1451,951,476,13,4,1
PCT 083,4036,86,49,34,2,0,0
PCT 083,4036,1,1,0,0,0,0
PCT 083,4036,0,0,0,0,0,0
PCT 084,2439,321,189,131,1,0,0
PCT 084,2439,938,481,448,4,2,0
PCT 084,2439,57,19,38,0,0,0
PCT 084,2439,1,0,1,0,0,0
PCT 084,2439,0,0,0,0,0,0
PCT 085,3183,479,172,291,8,3,0
PCT 085,3183,1105,475,609,11,6,0
PCT 085,3183,79,22,57,0,0,0
PCT 085,3183,3,1,2,0,0,0
PCT 085,3183,0,0,0,0,0,0
PCT 086,2972,375,183,187,4,0,0
PCT 086,2972,1283,667,586,18,5,2
PCT 086,2972,69,30,39,0,0,0
PCT 086,2972,1,0,1,0,0,0
PCT 086,2972,0,0,0,0,0,0
PCT 087,3017,620,251,360,2,2,1
PCT 087,3017,827,275,543,3,3,0
PCT 087,3017,15,2,13,0,0,0
PCT 087,3017,0,0,0,0,0,0
PCT 087,3017,0,0,0,0,0,0
PCT 088,2051,244,58,177,5,2,1
PCT 088,2051,435,119,313,2,0,0
PCT 088,2051,18,6,11,0,0,1
PCT 088,2051,0,0,0,0,0,0
PCT 088,2051,0,0,0,0,0,0
PCT 089,3232,394,187,196,6,0,1
PCT 089,3232,1314,662,633,15,0,1
PCT 089,3232,74,21,53,0,0,0
PCT 089,3232,1,0,1,0,0,0
PCT 089,3232,0,0,0,0,0,0
PCT 090,3267,369,210,151,4,1,1
PCT 090,3267,1461,925,520,10,2,0
PCT 090,3267,104,54,48,1,0,0
PCT 090,3267,0,0,0,0,0,0
PCT 090,3267,0,0,0,0,0,0
PCT 091,2319,314,176,126,7,2,3
PCT 091,2319,1021,442,565,7,1,1
PCT 091,2319,48,18,30,0,0,0
PCT 091,2319,1,1,0,0,0,0
PCT 091,2319,0,0,0,0,0,0
PCT 092,4113,541,254,269,9,5,1
PCT 092,4113,1095,515,573,4,2,0
PCT 092,4113,89,33,52,2,0,0
PCT 092,4113,8,4,3,0,0,0
PCT 092,4113,0,0,0,0,0,0
PCT 093,287,49,41,7,1,0,0
PCT 093,287,98,85,12,1,0,0
PCT 093,287,9,4,5,0,0,0
PCT 093,287,1,1,0,0,0,0
PCT 093,287,0,0,0,0,0,0
PCT 094,4227,727,370,344,8,3,0
PCT 094,4227,1613,665,931,8,1,2
PCT 094,4227,103,21,80,0,0,0
PCT 094,4227,2,1,1,0,0,0
PCT 094,4227,0,0,0,0,0,0
PCT 095,3101,410,205,192,9,1,2
PCT 095,3101,1153,572,569,8,0,0
PCT 095,3101,49,15,33,1,0,0
PCT 095,3101,2,2,0,0,0,0
PCT 095,3101,0,0,0,0,0,0
PCT 096,1450,170,85,81,4,0,0
PCT 096,1450,349,196,148,4,1,0
PCT 096,1450,4,1,3,0,0,0
PCT 096,1450,2,0,2,0,0,0
PCT 096,1450,0,0,0,0,0,0
PCT 097,1332,186,133,50,2,1,0
PCT 097,1332,689,480,201,6,0,1
PCT 097,1332,52,31,19,0,0,1
PCT 097,1332,0,0,0,0,0,0
PCT 097,1332,0,0,0,0,0,0
PCT 098,1482,187,99,82,6,0,0
PCT 098,1482,425,254,161,5,1,0
PCT 098,1482,97,55,41,1,0,0
PCT 098,1482,2,0,2,0,0,0
PCT 098,1482,0,0,0,0,0,0
PCT 099,291,47,18,28,1,0,0
PCT 099,291,73,20,51,0,2,0
PCT 099,291,6,2,4,0,0,0
PCT 099,291,0,0,0,0,0,0
PCT 099,291,0,0,0,0,0,0
PCT 100,29,4,3,1,0,0,0
PCT 100,29,1,0,1,0,0,0
PCT 100,29,0,0,0,0,0,0
PCT 100,29,0,0,0,0,0,0
PCT 100,29,0,0,0,0,0,0
PCT 101,4006,569,295,263,8,2,1
PCT 101,4006,1398,689,691,12,5,0
PCT 101,4006,54,14,38,0,0,2
PCT 101,4006,1,0,1,0,0,0
PCT 101,4006,0,0,0,0,0,0
PCT 102,2552,388,270,109,6,3,0
PCT 102,2552,1191,768,403,13,1,1
PCT 102,2552,74,44,28,0,0,0
PCT 102,2552,1,0,1,0,0,0
PCT 102,2552,0,0,0,0,0,0
PCT 103,1401,180,80,94,5,1,0
PCT 103,1401,367,157,207,2,0,1
PCT 103,1401,23,9,12,2,0,0
PCT 103,1401,0,0,0,0,0,0
PCT 103,1401,0,0,0,0,0,0
PCT 104,2569,267,85,177,3,1,0
PCT 104,2569,557,174,379,3,0,0
PCT 104,2569,23,5,18,0,0,0
PCT 104,2569,0,0,0,0,0,0
PCT 104,2569,0,0,0,0,0,0
PCT 105,33,0,0,0,0,0,0
PCT 105,33,4,2,2,0,0,0
PCT 105,33,0,0,0,0,0,0
PCT 105,33,0,0,0,0,0,0
PCT 105,33,0,0,0,0,0,0
PCT 106,1937,234,124,105,4,0,0
PCT 106,1937,735,338,375,17,4,0
PCT 106,1937,33,12,20,0,0,0
PCT 106,1937,1,1,0,0,0,0
PCT 106,1937,0,0,0,0,0,0
PCT 107,3385,393,186,197,8,1,0
PCT 107,3385,1472,668,778,17,2,4
PCT 107,3385,86,26,54,5,0,0
PCT 107,3385,0,0,0,0,0,0
PCT 107,3385,0,0,0,0,0,0
PCT 108,2970,343,160,176,6,0,0
PCT 108,2970,1158,489,652,7,2,1
PCT 108,2970,60,20,40,0,0,0
PCT 108,2970,2,2,0,0,0,0
PCT 108,2970,0,0,0,0,0,0
PCT 109,4577,586,321,253,7,4,0
PCT 109,4577,1816,995,799,13,0,1
PCT 109,4577,51,17,33,1,0,0
PCT 109,4577,0,0,0,0,0,0
PCT 109,4577,0,0,0,0,0,0
PCT 110,2844,377,212,153,6,4,2
PCT 110,2844,1112,544,554,10,3,0
PCT 110,2844,70,37,32,1,0,0
PCT 110,2844,4,0,4,0,0,0
PCT 110,2844,0,0,0,0,0,0
PCT 111,3027,475,317,148,8,1,1
PCT 111,3027,1097,743,340,10,2,0
PCT 111,3027,57,31,25,0,0,0
PCT 111,3027,2,1,1,0,0,0
PCT 111,3027,0,0,0,0,0,0
PCT 112,3135,343,173,161,6,0,0
PCT 112,3135,1415,709,686,10,6,1
PCT 112,3135,111,38,71,1,0,1
PCT 112,3135,3,2,1,0,0,0
PCT 112,3135,0,0,0,0,0,0
PCT 113,3416,468,204,242,18,4,0
PCT 113,3416,976,474,484,12,3,0
PCT 113,3416,61,28,31,2,0,0
PCT 113,3416,1,0,1,0,0,0
PCT 113,3416,0,0,0,0,0,0
PCT 114,2533,563,389,164,7,1,0
PCT 114,2533,787,461,316,7,1,1
PCT 114,2533,40,21,19,0,0,0
PCT 114,2533,6,2,3,1,0,0
PCT 114,2533,0,0,0,0,0,0
PCT 115,3012,332,149,169,7,2,1
PCT 115,3012,1325,587,716,8,1,4
PCT 115,3012,72,20,49,2,0,0
PCT 115,3012,0,0,0,0,0,0
PCT 115,3012,0,0,0,0,0,0
PCT 116,4920,597,319,261,11,2,2
PCT 116,4920,2039,1133,879,15,3,1
PCT 116,4920,109,34,74,0,0,0
PCT 116,4920,3,1,2,0,0,0
PCT 116,4920,0,0,0,0,0,0
PCT 117,4367,549,273,259,12,4,0
PCT 117,4367,1512,730,757,11,4,3
PCT 117,4367,58,23,35,0,0,0
PCT 117,4367,1,0,1,0,0,0
PCT 117,4367,0,0,0,0,0,0
PCT 118,4315,593,314,265,6,5,2
PCT 118,4315,1632,932,687,8,1,4
PCT 118,4315,53,17,34,1,0,0
PCT 118,4315,3,0,3,0,0,0
PCT 118,4315,0,0,0,0,0,0
PCT 119,2374,268,137,126,4,1,0
PCT 119,2374,1070,542,518,3,1,1
PCT 119,2374,72,24,47,1,0,0
PCT 119,2374,1,0,1,0,0,0
PCT 119,2374,0,0,0,0,0,0
PCT 120,3666,504,290,204,6,3,0
PCT 120,3666,1539,881,637,11,2,1
PCT 120,3666,82,43,39,0,0,0
PCT 120,3666,1,0,1,0,0,0
PCT 120,3666,0,0,0,0,0,0
PCT 121,2837,364,156,200,5,2,0
PCT 121,2837,1122,394,710,11,4,0
PCT 121,2837,55,17,38,0,0,0
PCT 121,2837,4,2,2,0,0,0
PCT 121,2837,0,0,0,0,0,0
PCT 122,5090,604,378,213,5,3,1
PCT 122,5090,2284,1528,724,18,0,1
PCT 122,5090,132,69,59,3,0,0
PCT 122,5090,4,2,1,0,0,0
PCT 122,5090,0,0,0,0,0,0
PCT 123,2023,236,116,111,8,1,0
PCT 123,2023,875,508,359,4,2,0
PCT 123,2023,24,14,10,0,0,0
PCT 123,2023,6,3,3,0,0,0
PCT 123,2023,0,0,0,0,0,0
PCT 124,3253,349,175,168,3,1,0
PCT 124,3253,1165,536,607,12,2,1
PCT 124,3253,119,56,61,1,0,0
PCT 124,3253,1,1,0,0,0,0
PCT 124,3253,0,0,0,0,0,0
PCT 125,5196,825,328,479,8,2,1
PCT 125,5196,1776,782,965,15,8,4
PCT 125,5196,73,26,45,2,0,0
PCT 125,5196,0,0,0,0,0,0
PCT 125,5196,0,0,0,0,0,0
PCT 126,4804,570,308,253,6,2,0
PCT 126,4804,1866,934,911,12,5,0
PCT 126,4804,83,36,47,0,0,0
PCT 126,4804,2,1,1,0,0,0
PCT 126,4804,0,0,0,0,0,0
PCT 127,3882,551,260,278,8,1,1
PCT 127,3882,1297,654,635,4,1,1
PCT 127,3882,62,13,48,1,0,0
PCT 127,3882,2,1,1,0,0,0
PCT 127,3882,0,0,0,0,0,0
PCT 128,3071,519,380,125,9,1,0
PCT 128,3071,1423,1035,363,16,4,2
PCT 128,3071,55,28,26,1,0,0
PCT 128,3071,2,2,0,0,0,0
PCT 128,3071,0,0,0,0,0,0
PCT 129,4501,638,337,283,14,1,2
PCT 129,4501,1611,872,718,15,0,1
PCT 129,4501,66,33,32,0,0,0
PCT 129,4501,4,3,1,0,0,0
PCT 129,4501,0,0,0,0,0,0
PCT 130,3867,520,253,251,12,2,0
PCT 130,3867,1562,697,835,15,9,0
PCT 130,3867,55,21,34,0,0,0
PCT 130,3867,1,1,0,0,0,0
PCT 130,3867,0,0,0,0,0,0
PCT 131,3119,416,254,155,4,1,0
PCT 131,3119,1175,749,408,11,3,1
PCT 131,3119,52,29,21,2,0,0
PCT 131,3119,4,3,1,0,0,0
PCT 131,3119,0,0,0,0,0,0
PCT 132,2834,348,164,173,6,3,1
PCT 132,2834,1174,482,681,10,1,0
PCT 132,2834,82,30,50,1,0,0
PCT 132,2834,1,0,1,0,0,0
PCT 132,2834,0,0,0,0,0,0
PCT 133,2855,352,196,147,6,1,1
PCT 133,2855,788,420,355,9,3,0
PCT 133,2855,35,17,16,0,0,0
PCT 133,2855,2,1,1,0,0,0
PCT 133,2855,0,0,0,0,0,0
PCT 134,4014,585,286,289,6,2,0
PCT 134,4014,1285,557,721,4,2,0
PCT 134,4014,34,13,20,1,0,0
PCT 134,4014,2,1,1,0,0,0
PCT 134,4014,0,0,0,0,0,0
PCT 135,4223,584,278,292,7,3,0
PCT 135,4223,1491,638,832,14,2,0
PCT 135,4223,71,26,45,0,0,0
PCT 135,4223,6,3,3,0,0,0
PCT 135,4223,0,0,0,0,0,0
PCT 136,2003,234,121,105,3,3,0
PCT 136,2003,921,500,408,8,1,2
PCT 136,2003,75,32,43,0,0,0
PCT 136,2003,2,0,2,0,0,0
PCT 136,2003,0,0,0,0,0,0
PCT 137,2003,270,141,122,5,1,0
PCT 137,2003,778,448,317,7,1,0
PCT 137,2003,50,29,21,0,0,0
PCT 137,2003,1,0,1,0,0,0
PCT 137,2003,0,0,0,0,0,0
PCT 138,2101,324,178,141,4,0,1
PCT 138,2101,975,472,485,6,2,3
PCT 138,2101,61,26,31,3,0,0
PCT 138,2101,1,0,1,0,0,0
PCT 138,2101,0,0,0,0,0,0
PCT 139,4196,530,239,277,12,0,0
PCT 139,4196,1432,586,830,5,6,1
PCT 139,4196,103,52,50,1,0,0
PCT 139,4196,2,0,2,0,0,0
PCT 139,4196,0,0,0,0,0,0
PCT 140,4861,651,455,183,10,1,0
PCT 140,4861,2005,1263,713,24,0,0
PCT 140,4861,87,54,31,1,0,0
PCT 140,4861,1,1,0,0,0,0
PCT 140,4861,0,0,0,0,0,0
PCT 141,3457,489,248,233,5,0,2
PCT 141,3457,1452,675,752,16,2,0
PCT 141,3457,85,34,49,1,0,0
PCT 141,3457,0,0,0,0,0,0
PCT 141,3457,0,0,0,0,0,0
PCT 142,2873,291,134,150,3,2,1
PCT 142,2873,1373,598,749,17,2,2
PCT 142,2873,76,20,52,3,0,0
PCT 142,2873,1,1,0,0,0,0
PCT 142,2873,0,0,0,0,0,0
PCT 143,2158,255,144,108,2,0,0
PCT 143,2158,973,527,429,15,1,0
PCT 143,2158,58,29,28,0,0,0
PCT 143,2158,2,1,1,0,0,0
PCT 143,2158,0,0,0,0,0,0
PCT 144,2874,415,262,142,5,3,0
PCT 144,2874,1127,587,523,11,4,2
PCT 144,2874,51,27,22,2,0,0
PCT 144,2874,1,0,1,0,0,0
PCT 144,2874,0,0,0,0,0,0
PCT 145,1731,256,131,120,2,2,0
PCT 145,1731,612,249,357,5,1,0
PCT 145,1731,26,11,15,0,0,0
PCT 145,1731,2,1,1,0,0,0
PCT 145,1731,0,0,0,0,0,0
PCT 146,4877,717,348,347,15,1,0
PCT 146,4877,1596,780,799,5,4,3
PCT 146,4877,56,24,32,0,0,0
PCT 146,4877,2,1,1,0,0,0
PCT 146,4877,0,0,0,0,0,0
PCT 147,2253,312,162,143,5,1,0
PCT 147,2253,648,315,326,4,2,1
PCT 147,2253,20,6,14,0,0,0
PCT 147,2253,0,0,0,0,0,0
PCT 147,2253,0,0,0,0,0,0
PCT 148,661,53,36,16,0,1,0
PCT 148,661,296,170,122,2,0,0
PCT 148,661,55,35,19,0,0,0
PCT 148,661,1,1,0,0,0,0
PCT 148,661,0,0,0,0,0,0
PCT 149,4442,638,366,257,10,1,2
PCT 149,4442,1746,1009,715,13,3,2
PCT 149,4442,75,40,33,2,0,0
PCT 149,4442,1,1,0,0,0,0
PCT 149,4442,0,0,0,0,0,0
PCT 150,2788,495,328,150,12,2,3
PCT 150,2788,1349,857,478,9,2,0
PCT 150,2788,57,35,21,1,0,0
PCT 150,2788,1,1,0,0,0,0
PCT 150,2788,0,0,0,0,0,0
PCT 151,1772,272,136,129,6,0,0
PCT 151,1772,602,278,318,5,0,0
PCT 151,1772,19,6,13,0,0,0
PCT 151,1772,0,0,0,0,0,0
PCT 151,1772,0,0,0,0,0,0
PCT 152,187,23,5,18,0,0,0
PCT 152,187,69,18,49,2,0,0
PCT 152,187,0,0,0,0,0,0
PCT 152,187,0,0,0,0,0,0
PCT 152,187,0,0,0,0,0,0
PCT 153,4939,735,401,318,10,3,0
PCT 153,4939,1693,931,733,14,5,1
PCT 153,4939,71,36,33,1,0,0
PCT 153,4939,4,3,1,0,0,0
PCT 153,4939,0,0,0,0,0,0
PCT 154,1939,357,293,61,2,0,0
PCT 154,1939,773,593,171,5,1,0
PCT 154,1939,23,19,4,0,0,0
PCT 154,1939,5,3,2,0,0,0
PCT 154,1939,0,0,0,0,0,0
PCT 155,2911,396,231,157,5,1,0
PCT 155,2911,1107,622,464,14,3,0
PCT 155,2911,50,18,30,0,0,0
PCT 155,2911,0,0,0,0,0,0
PCT 155,2911,0,0,0,0,0,0
PCT 156,3726,474,257,202,9,0,1
PCT 156,3726,1345,691,621,24,3,0
PCT 156,3726,50,22,27,0,0,0
PCT 156,3726,1,1,0,0,0,0
PCT 156,3726,0,0,0,0,0,0
PCT 157,4029,551,275,266,7,1,2
PCT 157,4029,1566,764,781,13,4,1
PCT 157,4029,44,13,31,0,0,0
PCT 157,4029,3,1,2,0,0,0
PCT 157,4029,0,0,0,0,0,0
PCT 158,2781,450,200,234,10,2,0
PCT 158,2781,948,400,538,7,1,1
PCT 158,2781,28,11,14,3,0,0
PCT 158,2781,1,0,1,0,0,0
PCT 158,2781,0,0,0,0,0,0
PCT 159,3284,442,193,231,12,3,0
PCT 159,3284,976,490,477,4,1,0
PCT 159,3284,26,10,14,1,1,0
PCT 159,3284,1,1,0,0,0,0
PCT 159,3284,0,0,0,0,0,0
PCT 160,434,95,88,6,1,0,0
PCT 160,434,178,155,22,0,0,0
PCT 160,434,9,6,3,0,0,0
PCT 160,434,1,1,0,0,0,0
PCT 160,434,0,0,0,0,0,0
PCT 161,292,40,30,9,1,0,0
PCT 161,292,106,73,30,0,2,0
PCT 161,292,6,2,4,0,0,0
PCT 161,292,0,0,0,0,0,0
PCT 161,292,0,0,0,0,0,0
PCT 162,328,50,40,9,0,0,0
PCT 162,328,169,139,29,0,0,0
PCT 162,328,10,8,2,0,0,0
PCT 162,328,0,0,0,0,0,0
PCT 162,328,0,0,0,0,0,0
PCT 163,2180,297,170,122,4,0,1
PCT 163,2180,708,395,305,3,4,0
PCT 163,2180,23,12,11,0,0,0
PCT 163,2180,0,0,0,0,0,0
PCT 163,2180,0,0,0,0,0,0
PCT 164,2052,155,67,81,3,0,0
PCT 164,2052,728,386,328,4,5,1
PCT 164,2052,503,262,229,4,1,0
PCT 164,2052,6,4,1,0,0,0
PCT 164,2052,0,0,0,0,0,0
PCT 165,934,138,81,52,4,0,0
PCT 165,934,403,267,131,4,1,0
PCT 165,934,16,6,10,0,0,0
PCT 165,934,0,0,0,0,0,0
PCT 165,934,0,0,0,0,0,0
PCT 166,4174,552,272,265,5,3,0
PCT 166,4174,1535,828,678,18,2,1
PCT 166,4174,38,12,25,0,0,0
PCT 166,4174,2,2,0,0,0,0
PCT 166,4174,0,0,0,0,0,0
PCT 167,5051,642,286,346,6,2,0
PCT 167,5051,1922,782,1117,18,3,0
PCT 167,5051,86,24,62,0,0,0
PCT 167,5051,3,1,2,0,0,0
PCT 167,5051,0,0,0,0,0,0
PCT 168,1923,259,179,76,3,0,0
PCT 168,1923,834,568,250,6,3,1
PCT 168,1923,20,8,12,0,0,0
PCT 168,1923,0,0,0,0,0,0
PCT 168,1923,0,0,0,0,0,0
PCT 169,3342,446,224,218,2,2,0
PCT 169,3342,1275,596,670,6,2,0
PCT 169,3342,50,20,29,1,0,0
PCT 169,3342,1,0,1,0,0,0
PCT 169,3342,0,0,0,0,0,0
PCT 170,1882,256,144,105,4,2,1
PCT 170,1882,719,449,260,8,0,0
PCT 170,1882,32,14,18,0,0,0
PCT 170,1882,0,0,0,0,0,0
PCT 170,1882,0,0,0,0,0,0
PCT 171,2490,317,150,159,6,0,1
PCT 171,2490,848,423,415,4,1,0
PCT 171,2490,56,30,26,0,0,0
PCT 171,2490,1,1,0,0,0,0
PCT 171,2490,0,0,0,0,0,0
PCT 172,6178,923,614,287,13,4,1
PCT 172,6178,2003,1268,698,29,3,0
PCT 172,6178,59,31,22,2,0,2
PCT 172,6178,2,0,2,0,0,0
PCT 172,6178,0,0,0,0,0,0
PCT 173,650,77,46,29,1,0,0
PCT 173,650,292,207,83,2,0,0
PCT 173,650,20,11,9,0,0,0
PCT 173,650,0,0,0,0,0,0
PCT 173,650,0,0,0,0,0,0
PCT 174,4497,575,337,225,7,1,2
PCT 174,4497,1507,846,638,17,2,1
PCT 174,4497,46,16,28,1,0,0
PCT 174,4497,1,0,1,0,0,0
PCT 174,4497,0,0,0,0,0,0
PCT 175,1978,276,165,108,2,1,0
PCT 175,1978,816,485,325,4,1,0
PCT 175,1978,23,14,9,0,0,0
PCT 175,1978,1,0,1,0,0,0
PCT 175,1978,0,0,0,0,0,0
PCT 176,4032,569,239,316,13,1,0
PCT 176,4032,865,352,504,7,2,0
PCT 176,4032,29,15,14,0,0,0
PCT 176,4032,4,1,3,0,0,0
PCT 176,4032,0,0,0,0,0,0
PCT 177,3203,436,250,179,4,1,2
PCT 177,3203,1009,643,360,5,0,0
PCT 177,3203,53,28,25,0,0,0
PCT 177,3203,2,1,0,0,1,0
PCT 177,3203,0,0,0,0,0,0
PCT 178,3002,448,325,110,8,1,2
PCT 178,3002,1072,774,285,7,1,0
PCT 178,3002,35,19,16,0,0,0
PCT 178,3002,1,1,0,0,0,0
PCT 178,3002,0,0,0,0,0,0
PCT 179,4634,563,405,136,15,2,1
PCT 179,4634,2428,1773,623,14,5,1
PCT 179,4634,241,141,95,4,0,0
PCT 179,4634,5,5,0,0,0,0
PCT 179,4634,0,0,0,0,0,0
PCT 180,3313,501,256,236,5,1,0
PCT 180,3313,1044,521,504,14,2,1
PCT 180,3313,35,8,27,0,0,0
PCT 180,3313,0,0,0,0,0,0
PCT 180,3313,0,0,0,0,0,0
PCT 181,2563,387,227,152,7,0,0
PCT 181,2563,739,478,252,5,0,0
PCT 181,2563,20,13,5,1,0,0
PCT 181,2563,1,0,1,0,0,0
PCT 181,2563,0,0,0,0,0,0
PCT 182,3909,519,277,232,7,1,1
PCT 182,3909,1409,742,651,8,3,2
PCT 182,3909,70,32,37,1,0,0
PCT 182,3909,6,4,1,1,0,0
PCT 182,3909,0,0,0,0,0,0
PCT 183,115,12,9,3,0,0,0
PCT 183,115,31,22,8,0,0,0
PCT 183,115,3,3,0,0,0,0
PCT 183,115,0,0,0,0,0,0
PCT 183,115,0,0,0,0,0,0
PCT 184,3232,451,207,235,4,3,0
PCT 184,3232,814,359,446,5,2,0
PCT 184,3232,41,20,21,0,0,0
PCT 184,3232,1,0,1,0,0,0
PCT 184,3232,0,0,0,0,0,0
PCT 185,48,4,4,0,0,0,0
PCT 185,48,17,9,8,0,0,0
PCT 185,48,1,1,0,0,0,0
PCT 185,48,0,0,0,0,0,0
PCT 185,48,0,0,0,0,0,0
PCT 186,146,19,13,5,1,0,0
PCT 186,146,45,39,6,0,0,0
PCT 186,146,4,2,2,0,0,0
PCT 186,146,0,0,0,0,0,0
PCT 186,146,0,0,0,0,0,0
PCT 187,573,129,116,13,0,0,0
PCT 187,573,202,184,18,0,0,0
PCT 187,573,6,3,3,0,0,0
PCT 187,573,0,0,0,0,0,0
PCT 187,573,0,0,0,0,0,0
PCT 188,64,6,6,0,0,0,0
PCT 188,64,35,29,5,0,0,0
PCT 188,64,0,0,0,0,0,0
PCT 188,64,0,0,0,0,0,0
PCT 188,64,0,0,0,0,0,0
PCT 189,849,140,120,14,4,2,0
PCT 189,849,288,235,50,2,0,0
PCT 189,849,11,10,0,0,0,0
PCT 189,849,1,1,0,0,0,0
PCT 189,849,0,0,0,0,0,0
PCT 190,82,12,10,2,0,0,0
PCT 190,82,29,23,4,1,0,1
PCT 190,82,1,1,0,0,0,0
PCT 190,82,0,0,0,0,0,0
PCT 190,82,0,0,0,0,0,0
PCT 191,603,85,65,18,2,0,0
PCT 191,603,133,100,32,0,0,0
PCT 191,603,6,4,2,0,0,0
PCT 191,603,3,3,0,0,0,0
PCT 191,603,0,0,0,0,0,0
PCT 192,3404,680,526,142,7,0,2
PCT 192,3404,1117,823,281,5,4,1
PCT 192,3404,28,20,8,0,0,0
PCT 192,3404,16,11,5,0,0,0
PCT 192,3404,0,0,0,0,0,0
PCT 193,1193,193,165,27,1,0,0
PCT 193,1193,404,292,107,4,0,1
PCT 193,1193,7,4,3,0,0,0
PCT 193,1193,0,0,0,0,0,0
PCT 193,1193,0,0,0,0,0,0
PCT 194,31,11,9,2,0,0,0
PCT 194,31,6,5,1,0,0,0
PCT 194,31,0,0,0,0,0,0
PCT 194,31,0,0,0,0,0,0
PCT 194,31,0,0,0,0,0,0
PCT 195,916,117,88,28,0,1,0
PCT 195,916,401,293,97,5,1,1
PCT 195,916,23,17,6,0,0,0
PCT 195,916,0,0,0,0,0,0
PCT 195,916,0,0,0,0,0,0
PCT 196,1904,250,137,104,6,1,1
PCT 196,1904,710,400,299,10,0,0
PCT 196,1904,32,19,13,0,0,0
PCT 196,1904,2,1,1,0,0,0
PCT 196,1904,0,0,0,0,0,0
PCT 197,1283,158,61,92,3,0,0
PCT 197,1283,501,198,297,5,0,0
PCT 197,1283,21,7,14,0,0,0
PCT 197,1283,1,1,0,0,0,0
PCT 197,1283,0,0,0,0,0,0
PCT 198,124,23,22,1,0,0,0
PCT 198,124,40,37,2,0,1,0
PCT 198,124,2,0,2,0,0,0
PCT 198,124,0,0,0,0,0,0
PCT 198,124,0,0,0,0,0,0
PCT 199,3269,540,373,158,8,0,1
PCT 199,3269,1360,985,366,8,0,0
PCT 199,3269,23,10,12,1,0,0
PCT 199,3269,5,2,3,0,0,0
PCT 199,3269,0,0,0,0,0,0
PCT 200,1943,325,242,77,5,0,0
PCT 200,1943,634,443,177,9,2,0
PCT 200,1943,32,15,17,0,0,0
PCT 200,1943,0,0,0,0,0,0
PCT 200,1943,0,0,0,0,0,0
PCT 201,0,0,0,0,0,0,0
PCT 201,0,0,0,0,0,0,0
PCT 201,0,0,0,0,0,0,0
PCT 201,0,0,0,0,0,0,0
PCT 201,0,0,0,0,0,0,0
PCT 202,2,0,0,0,0,0,0
PCT 202,2,2,0,2,0,0,0
PCT 202,2,0,0,0,0,0,0
PCT 202,2,0,0,0,0,0,0
PCT 202,2,0,0,0,0,0,0
PCT 203,3150,385,255,124,5,0,0
PCT 203,3150,1412,864,533,8,3,0
PCT 203,3150,54,30,23,0,0,0
PCT 203,3150,2,2,0,0,0,0
PCT 203,3150,0,0,0,0,0,0
PCT 204,349,47,27,19,0,0,0
PCT 204,349,178,119,58,1,0,0
PCT 204,349,5,2,3,0,0,0
PCT 204,349,0,0,0,0,0,0
PCT 204,349,0,0,0,0,0,0
PCT 205,34,2,2,0,0,0,0
PCT 205,34,16,11,5,0,0,0
PCT 205,34,0,0,0,0,0,0
PCT 205,34,0,0,0,0,0,0
PCT 205,34,0,0,0,0,0,0
PCT 206,1781,240,150,86,3,1,0
PCT 206,1781,735,410,316,5,3,0
PCT 206,1781,20,15,5,0,0,0
PCT 206,1781,1,1,0,0,0,0
PCT 206,1781,0,0,0,0,0,0
PCT 207,3993,600,383,201,10,2,3
PCT 207,3993,1471,859,581,19,7,0
PCT 207,3993,53,26,27,0,0,0
PCT 207,3993,1,1,0,0,0,0
PCT 207,3993,0,0,0,0,0,0
PCT 208,3375,579,377,185,11,3,0
PCT 208,3375,1491,929,541,14,5,2
PCT 208,3375,67,38,28,1,0,0
PCT 208,3375,3,1,1,1,0,0
PCT 208,3375,0,0,0,0,0,0
PCT 209,1187,194,120,72,1,1,0
PCT 209,1187,411,239,169,2,0,0
PCT 209,1187,7,2,4,1,0,0
PCT 209,1187,2,2,0,0,0,0
PCT 209,1187,0,0,0,0,0,0
PCT 210,1661,311,134,173,1,1,0
PCT 210,1661,588,255,326,5,0,1
PCT 210,1661,14,6,8,0,0,0
PCT 210,1661,1,0,1,0,0,0
PCT 210,1661,0,0,0,0,0,0
PCT 211,3302,400,206,182,9,0,0
PCT 211,3302,1281,726,539,9,2,1
PCT 211,3302,76,46,28,1,0,0
PCT 211,3302,1,0,1,0,0,0
PCT 211,3302,0,0,0,0,0,0
PCT 212,5564,1130,505,609,7,4,2
PCT 212,5564,1621,683,916,15,3,1
PCT 212,5564,48,17,30,0,0,1
PCT 212,5564,0,0,0,0,0,0
PCT 212,5564,0,0,0,0,0,0
PCT 213,3612,547,283,256,6,1,0
PCT 213,3612,1276,575,680,16,2,2
PCT 213,3612,24,13,11,0,0,0
PCT 213,3612,1,0,1,0,0,0
PCT 213,3612,0,0,0,0,0,0
PCT 214,4427,615,453,155,6,1,0
PCT 214,4427,2016,1557,439,14,4,0
PCT 214,4427,83,63,16,2,1,0
PCT 214,4427,2,2,0,0,0,0
PCT 214,4427,0,0,0,0,0,0
PCT 215,2543,326,220,98,4,3,0
PCT 215,2543,698,467,219,9,2,0
PCT 215,2543,25,14,11,0,0,0
PCT 215,2543,7,1,4,1,0,0
PCT 215,2543,0,0,0,0,0,0
PCT 216,6210,1055,737,289,20,6,0
PCT 216,6210,2215,1427,763,20,2,0
PCT 216,6210,61,32,27,1,0,0
PCT 216,6210,1,0,1,0,0,0
PCT 216,6210,0,0,0,0,0,0
PCT 217,2919,436,247,173,13,1,0
PCT 217,2919,1084,632,429,15,2,3
PCT 217,2919,30,20,8,0,1,0
PCT 217,2919,0,0,0,0,0,0
PCT 217,2919,0,0,0,0,0,0
PCT 218,4110,630,278,336,13,1,0
PCT 218,4110,1595,810,766,8,3,0
PCT 218,4110,56,25,31,0,0,0
PCT 218,4110,0,0,0,0,0,0
PCT 218,4110,0,0,0,0,0,0
PCT 219,4072,567,296,266,3,1,0
PCT 219,4072,1607,776,814,11,3,0
PCT 219,4072,59,21,36,2,0,0
PCT 219,4072,1,1,0,0,0,0
PCT 219,4072,0,0,0,0,0,0
PCT 220,4641,809,383,415,8,2,0
PCT 220,4641,1362,569,781,6,0,1
PCT 220,4641,47,29,17,0,0,0
PCT 220,4641,1,1,0,0,0,0
PCT 220,4641,0,0,0,0,0,0
PCT 221,5138,642,416,213,10,3,0
PCT 221,5138,2117,1315,768,17,3,2
PCT 221,5138,113,70,40,1,1,0
PCT 221,5138,2,2,0,0,0,0
PCT 221,5138,0,0,0,0,0,0
PCT 222,3575,494,247,239,6,1,0
PCT 222,3575,1387,668,698,16,3,0
PCT 222,3575,51,19,30,0,0,0
PCT 222,3575,1,1,0,0,0,0
PCT 222,3575,0,0,0,0,0,0
PCT 223,2154,316,167,142,4,0,0
PCT 223,2154,858,451,395,6,1,0
PCT 223,2154,21,10,11,0,0,0
PCT 223,2154,1,1,0,0,0,0
PCT 223,2154,0,0,0,0,0,0
PCT 224,3036,419,293,121,2,2,0
PCT 224,3036,1329,985,335,6,1,0
PCT 224,3036,58,41,17,0,0,0
PCT 224,3036,2,2,0,0,0,0
PCT 224,3036,0,0,0,0,0,0
PCT 225,3815,613,299,302,3,2,4
PCT 225,3815,1149,496,641,7,2,1
PCT 225,3815,57,21,35,0,0,0
PCT 225,3815,0,0,0,0,0,0
PCT 225,3815,0,0,0,0,0,0
PCT 226,4365,588,291,286,6,3,1
PCT 226,4365,1596,749,824,17,2,0
PCT 226,4365,59,35,24,0,0,0
PCT 226,4365,7,6,1,0,0,0
PCT 226,4365,0,0,0,0,0,0
PCT 227,4310,611,310,283,8,5,3
PCT 227,4310,1605,805,772,21,1,0
PCT 227,4310,69,32,36,0,0,1
PCT 227,4310,0,0,0,0,0,0
PCT 227,4310,0,0,0,0,0,0
PCT 228,5265,806,411,374,16,3,1
PCT 228,5265,1313,606,689,8,5,0
PCT 228,5265,34,17,15,0,0,0
PCT 228,5265,2,2,0,0,0,0
PCT 228,5265,0,0,0,0,0,0
PCT 229,1738,290,154,135,1,0,0
PCT 229,1738,559,273,281,4,0,0
PCT 229,1738,16,8,8,0,0,0
PCT 229,1738,1,1,0,0,0,0
PCT 229,1738,0,0,0,0,0,0
PCT 230,4826,621,291,320,4,3,0
PCT 230,4826,1333,611,703,13,5,0
PCT 230,4826,85,39,44,2,0,0
PCT 230,4826,0,0,0,0,0,0
PCT 230,4826,0,0,0,0,0,0
PCT 231,3247,495,275,206,10,2,1
PCT 231,3247,1226,688,520,11,3,0
PCT 231,3247,32,15,17,0,0,0
PCT 231,3247,1,1,0,0,0,0
PCT 231,3247,0,0,0,0,0,0
PCT 232,3600,522,316,194,7,2,0
PCT 232,3600,1426,793,607,15,5,1
PCT 232,3600,41,27,14,0,0,0
PCT 232,3600,2,1,1,0,0,0
PCT 232,3600,0,0,0,0,0,0
PCT 233,1922,263,157,100,4,1,0
PCT 233,1922,677,389,276,6,4,0
PCT 233,1922,25,10,14,1,0,0
PCT 233,1922,3,0,3,0,0,0
PCT 233,1922,0,0,0,0,0,0
PCT 234,2546,393,176,213,0,0,1
PCT 234,2546,1065,477,582,4,1,1
PCT 234,2546,21,10,11,0,0,0
PCT 234,2546,5,2,3,0,0,0
PCT 234,2546,0,0,0,0,0,0
PCT 235,1874,241,115,120,1,1,3
PCT 235,1874,697,318,372,4,1,0
PCT 235,1874,26,11,15,0,0,0
PCT 235,1874,2,0,2,0,0,0
PCT 235,1874,0,0,0,0,0,0
PCT 236,2889,435,282,141,8,2,0
PCT 236,2889,1187,749,421,14,1,0
PCT 236,2889,54,26,28,0,0,0
PCT 236,2889,2,1,1,0,0,0
PCT 236,2889,0,0,0,0,0,0
PCT 237,2253,297,155,137,1,0,0
PCT 237,2253,692,331,351,6,2,1
PCT 237,2253,21,8,13,0,0,0
PCT 237,2253,1,1,0,0,0,0
PCT 237,2253,0,0,0,0,0,0
PCT 238,3923,538,240,293,3,1,0
PCT 238,3923,1141,490,635,10,4,0
PCT 238,3923,34,19,15,0,0,0
PCT 238,3923,2,0,2,0,0,0
PCT 238,3923,0,0,0,0,0,0
PCT 239,4257,587,402,168,11,2,2
PCT 239,4257,1640,1157,463,9,7,0
PCT 239,4257,57,34,23,0,0,0
PCT 239,4257,0,0,0,0,0,0
PCT 239,4257,0,0,0,0,0,0
PCT 240,6041,1021,731,266,16,6,0
PCT 240,6041,2261,1593,646,16,1,2
PCT 240,6041,60,39,20,1,0,0
PCT 240,6041,6,5,1,0,0,0
PCT 240,6041,0,0,0,0,0,0
PCT 241,1507,210,98,103,7,0,0
PCT 241,1507,632,338,284,2,2,0
PCT 241,1507,28,11,16,1,0,0
PCT 241,1507,0,0,0,0,0,0
PCT 241,1507,0,0,0,0,0,0
PCT 242,3356,387,200,180,6,1,0
PCT 242,3356,1412,794,608,4,1,2
PCT 242,3356,111,61,48,1,1,0
PCT 242,3356,2,1,1,0,0,0
PCT 242,3356,0,0,0,0,0,0
PCT 243,1517,251,167,74,9,0,0
PCT 243,1517,640,446,185,6,2,0
PCT 243,1517,20,4,16,0,0,0
PCT 243,1517,4,3,1,0,0,0
PCT 243,1517,0,0,0,0,0,0
PCT 244,3107,439,224,209,3,1,2
PCT 244,3107,1289,697,573,13,1,1
PCT 244,3107,32,18,14,0,0,0
PCT 244,3107,2,0,2,0,0,0
PCT 244,3107,0,0,0,0,0,0
PCT 245,2774,393,196,191,4,1,1
PCT 245,2774,736,373,348,5,3,3
PCT 245,2774,21,12,9,0,0,0
PCT 245,2774,1,0,1,0,0,0
PCT 245,2774,0,0,0,0,0,0
PCT 246,2832,320,147,167,2,3,0
PCT 246,2832,1317,705,593,10,2,2
PCT 246,2832,52,17,34,1,0,0
PCT 246,2832,2,0,2,0,0,0
PCT 246,2832,0,0,0,0,0,0
PCT 247,2148,360,255,94,6,1,0
PCT 247,2148,969,684,271,10,1,2
PCT 247,2148,32,18,14,0,0,0
PCT 247,2148,3,3,0,0,0,0
PCT 247,2148,0,0,0,0,0,0
PCT 248,2116,356,199,151,2,1,1
PCT 248,2116,691,367,319,3,1,0
PCT 248,2116,39,20,19,0,0,0
PCT 248,2116,1,1,0,0,0,0
PCT 248,2116,0,0,0,0,0,0
PCT LB 096,0,0,0,0,0,0,0
PCT LB 096,0,0,0,0,0,0,0
PCT LB 096,0,0,0,0,0,0,0
PCT LB 096,0,0,0,0,0,0,0
PCT LB 096,0,380,150,224,6,0,0
PCT LB 097,0,0,0,0,0,0,0
PCT LB 097,0,0,0,0,0,0,0
PCT LB 097,0,0,0,0,0,0,0
PCT LB 097,0,0,0,0,0,0,0
PCT LB 097,0,188,73,114,0,1,0
PCT LB 098,0,0,0,0,0,0,0
PCT LB 098,0,0,0,0,0,0,0
PCT LB 098,0,3,2,1,0,0,0
PCT LB 098,0,0,0,0,0,0,0
PCT LB 098,0,6,3,3,0,0,0
PCT LB 099,0,0,0,0,0,0,0
PCT LB 099,0,0,0,0,0,0,0
PCT LB 099,0,0,0,0,0,0,0
PCT LB 099,0,0,0,0,0,0,0
PCT LB 099,0,0,0,0,0,0,0
PCT LB 100,0,0,0,0,0,0,0
PCT LB 100,0,0,0,0,0,0,0
PCT LB 100,0,0,0,0,0,0,0
PCT LB 100,0,0,0,0,0,0,0
PCT LB 100,0,5,3,2,0,0,0
PCT LB 101,0,0,0,0,0,0,0
PCT LB 101,0,0,0,0,0,0,0
PCT LB 101,0,0,0,0,0,0,0
PCT LB 101,0,0,0,0,0,0,0
PCT LB 101,0,0,0,0,0,0,0
PCT LB 102,0,0,0,0,0,0,0
PCT LB 102,0,0,0,0,0,0,0
PCT LB 102,0,0,0,0,0,0,0
PCT LB 102,0,0,0,0,0,0,0
PCT LB 102,0,2,0,2,0,0,0
PCT LB 103,0,0,0,0,0,0,0
PCT LB 103,0,0,0,0,0,0,0
PCT LB 103,0,0,0,0,0,0,0
PCT LB 103,0,0,0,0,0,0,0
PCT LB 103,0,1,0,1,0,0,0
PCT LB 104,0,0,0,0,0,0,0
PCT LB 104,0,0,0,0,0,0,0
PCT LB 104,0,0,0,0,0,0,0
PCT LB 104,0,0,0,0,0,0,0
PCT LB 104,0,5,2,3,0,0,0
PCT LB 105,0,0,0,0,0,0,0
PCT LB 105,0,0,0,0,0,0,0
PCT LB 105,0,0,0,0,0,0,0
PCT LB 105,0,0,0,0,0,0,0
PCT LB 105,0,16,9,6,1,0,0
PCT LB 106,0,0,0,0,0,0,0
PCT LB 106,0,0,0,0,0,0,0
PCT LB 106,0,0,0,0,0,0,0
PCT LB 106,0,0,0,0,0,0,0
PCT LB 106,0,0,0,0,0,0,0
PCT LB 107,0,1,0,1,0,0,0
PCT LB 107,0,0,0,0,0,0,0
PCT LB 107,0,0,0,0,0,0,0
PCT LB 107,0,0,0,0,0,0,0
PCT LB 107,0,1,0,1,0,0,0
PCT LB 108,0,0,0,0,0,0,0
PCT LB 108,0,0,0,0,0,0,0
PCT LB 108,0,0,0,0,0,0,0
PCT LB 108,0,0,0,0,0,0,0
PCT LB 108,0,0,0,0,0,0,0
PCT LB 109,0,0,0,0,0,0,0
PCT LB 109,0,0,0,0,0,0,0
PCT LB 109,0,0,0,0,0,0,0
PCT LB 109,0,0,0,0,0,0,0
PCT LB 109,0,0,0,0,0,0,0
PCT LB 110,0,0,0,0,0,0,0
PCT LB 110,0,0,0,0,0,0,0
PCT LB 110,0,0,0,0,0,0,0
PCT LB 110,0,0,0,0,0,0,0
PCT LB 110,0,0,0,0,0,0,0
PCT LB 111,0,0,0,0,0,0,0
PCT LB 111,0,0,0,0,0,0,0
PCT LB 111,0,0,0,0,0,0,0
PCT LB 111,0,0,0,0,0,0,0
PCT LB 111,0,0,0,0,0,0,0
PCT LB 112,0,0,0,0,0,0,0
PCT LB 112,0,0,0,0,0,0,0
PCT LB 112,0,0,0,0,0,0,0
PCT LB 112,0,0,0,0,0,0,0
PCT LB 112,0,0,0,0,0,0,0
PCT LB 113,0,0,0,0,0,0,0
PCT LB 113,0,0,0,0,0,0,0
PCT LB 113,0,0,0,0,0,0,0
PCT LB 113,0,0,0,0,0,0,0
PCT LB 113,0,0,0,0,0,0,0
PCT LB 114,0,0,0,0,0,0,0
PCT LB 114,0,0,0,0,0,0,0
PCT LB 114,0,0,0,0,0,0,0
PCT LB 114,0,0,0,0,0,0,0
PCT LB 114,0,0,0,0,0,0,0
COUNTY TOTALS,696712,366168,198236,161737,3875,838,290
